{
    "alwaysUnlocked": true,
    "type": "mech",
    // "name": "士兵1",
    // "description": "各属性方面都均衡的基本单位",
    "speed": 0.65, //速度
    // "rotateSpeed": 5, //旋转的速度
    // "baseRotateSpeed": 5, //基础转速
    "hitSize": 8, //范围
   // "turnCursor": false,
    "health": 200, //血量
    "itemCapacity": 0, //容量
    //"engineColor": "84f491", //引擎的颜色
    //"cellTrnsY": 1,
    "flying": false, //飞行
    //"engineSize ": 3, //引擎的大小
    "isCounted": false,
    "armor": 4, //护甲
    "weapons": [
        {
            "top": false,
            "shootSound": "flame",
            "shootY": 2,
            "reload": 7,
            "recoil": 1,
            "reloadTime": 30,
            "ejectEffect": "none",
            "bullet": {
                "type": "BasicBulletType",
                "speed": 4,
                "damage": 2000,
                "ammoMultiplier": 3,
                "hitSize": 8,
                "lifetime": 12,
                "pierce": false,
                "shootEffect": "shootSmallFlame",
                "hitEffect": "hitFlameSmall",
                "despawnEffect": "none",
                "status": "burning",
                "keepVelocity": false,
                "hittable": false
            }
        }
    ],
    //"research": "duo"
}